"11001","","牛","牛肉","100g","","","","","","","","","国産","","","","","20.19446827","","","","","","","3","3","3","3","乳用肥育牛肉、生","",""
"11002","","牛","牛肉","100g","","","","","","","","","輸入","","","","","31.04220268","","","","","","","3","3","3","3","生","",""
"11003","","豚","豚肉","100g","","","","","","","","","国産","","","","","6.349373403","","","","","","","3","3","3","3","大型種肉、生","",""
"11004","","豚","豚肉","100g","","","","","","","","","輸入","","","","","5.312288476","","","","","","","3","3","3","3","大型種肉、生","",""
"11005","","鶏肉","鶏肉","100g","","","","","","","","","国産","","","","","3.299794687","","","","","","","3","3","3","3","若鶏肉、生","",""
"11006","","鶏肉","鶏肉","100g","","","","","","","","","輸入","","","","","2.47578947","","","","","","","3","3","3","3","若鶏肉、生","",""
"13007","","魚","あいなめ","100g","","","","","","","","","","平均（統計値）","漁業全般","","","5.6","","","","","","","3","3","3","3","生","",""
"13008","","魚","あこうだい","100g","","","","","","","","","","平均（統計値）","漁業全般","","","5.6","","","","","","","3","3","3","3","生","",""
"13009","","魚","あじ類","100g","","","","","","","","","","平均（統計値）","漁業全般","","","1.59","","","","","","","3","3","3","3","","",""
"13010","","魚","あじ類","100g","","","","","","","","","","北部太平洋","まき網漁業","","","2.9","","","","","","","3","3","3","3","","中位・横ばい",""
"13011","","魚","にしまあじ","100g","","","","","","","","","","平均（統計値）","漁業全般","","","1.59","","","","","","","3","3","3","3","生","中位・減少",""
"13012","","魚","あなご類","100g","","","","","","","","","","平均（統計値）","漁業全般","","","2","","","","","","","3","3","3","3","生","",""
"13013","","魚","あまご","100g","","","","","","","","","","平均（統計値）","漁業全般","","","0.96","","","","","","","3","3","3","3","生","",""
"13014","","魚","あまだい類","100g","","","","","","","","","","平均（統計値）","漁業全般","","","2.11","","","","","","","3","3","3","3","生","",""
"13015","","魚","アラスカめぬけ","100g","","","","","","","","","","平均（統計値）","漁業全般","","","9.56","","","","","","","3","3","3","3","生","",""
"13016","","魚","あんこう","100g","","","","","","","","","","平均（統計値）","漁業全般","","","5.6","","","","","","","3","3","3","3","生","",""
"13017","","魚","いかなご","100g","","","","","","","","","","平均（統計値）","漁業全般","","","1.63","","","","","","","3","3","3","3","生","",""
"13018","","魚","いさき","100g","","","","","","","","","","平均（統計値）","漁業全般","","","2.27","","","","","","","3","3","3","3","生","",""
"13019","","魚","いしだい","100g","","","","","","","","","","平均（統計値）","漁業全般","","","5.6","","","","","","","3","3","3","3","生","",""
"13020","","魚","いとよりだい","100g","","","","","","","","","","平均（統計値）","漁業全般","","","5.6","","","","","","","3","3","3","3","生","",""
"13021","","魚","いぼだい","100g","","","","","","","","","","平均（統計値）","漁業全般","","","1.91","","","","","","","3","3","3","3","生","高位・増加",""
"13022","","魚","いわし類","100g","","","","","","","","","","平均（統計値）","漁業全般","","","1.63","","","","","","","3","3","3","3","","",""
"13023","","魚","うまづらはぎ","100g","","","","","","","","","","平均（統計値）","漁業全般","","","1.97","","","","","","","3","3","3","3","生","",""
"13024","","魚","えい類","100g","","","","","","","","","","平均（統計値）","漁業全般","","","2.05","","","","","","","3","3","3","3","生","",""
"13025","","魚","えそ類","100g","","","","","","","","","","平均（統計値）","漁業全般","","","1.95","","","","","","","3","3","3","3","生","",""
"13026","","魚","おおさが","100g","","","","","","","","","","平均（統計値）","漁業全般","","","9.56","","","","","","","3","3","3","3","生","",""
"13027","","魚","おこぜ","100g","","","","","","","","","","平均（統計値）","漁業全般","","","5.6","","","","","","","3","3","3","3","生","",""
"13028","","魚","おひょう","100g","","","","","","","","","","平均（統計値）","漁業全般","","","2.85","","","","","","","3","3","3","3","生","",""
"13029","","魚","かさご","100g","","","","","","","","","","平均（統計値）","漁業全般","","","5.6","","","","","","","3","3","3","3","生","",""
"13030","","魚","かじか","100g","","","","","","","","","","平均（統計値）","漁業全般","","","5.6","","","","","","","3","3","3","3","生","",""
"13031","","魚","かじき類","100g","","","","","","","","","","平均（統計値）","漁業全般","","","1.64","","","","","","","3","3","3","3","","",""
"13032","","魚","かつお類","100g","","","","","","","","","","平均（統計値）","漁業全般","","","1.8","","","","","","","3","3","3","3","","",""
"13033","","魚","かつお","100g","","","","","","","","","","常磐・三陸沖","近海一本釣り","","","4.2","","","","","","","3","3","3","3","生","",""
"13034","","魚","かます","100g","","","","","","","","","","平均（統計値）","漁業全般","","","2.1","","","","","","","3","3","3","3","生","",""
"13035","","魚","かれい類","100g","","","","","","","","","","平均（統計値）","漁業全般","","","2.85","","","","","","","3","3","3","3","生","",""
"13036","","魚","いしがれい","100g","","","","","","","","","","宮城（仙台湾）","小型底曳網漁業","","","4.7","","","","","","","3","3","3","3","","",""
"13037","","魚","まがれい","100g","","","","","","","","","","宮城（仙台湾）","小型底曳網漁業","","","4.7","","","","","","","3","3","3","3","生","",""
"13038","","魚","まこがれい","100g","","","","","","","","","","宮城（仙台湾）","小型底曳網漁業","","","4.7","","","","","","","3","3","3","3","生","",""
"13039","","魚","子持ちがれい","100g","","","","","","","","","","平均（統計値）","漁業全般","","","2.85","","","","","","","3","3","3","3","生","",""
"13040","","魚","かわはぎ","100g","","","","","","","","","","平均（統計値）","漁業全般","","","1.97","","","","","","","3","3","3","3","生","",""
"13041","","魚","かんぱち","100g","","","","","","","","","","平均（統計値）","漁業全般","","","1.59","","","","","","","3","3","3","3","生","",""
"13042","","魚","きす","100g","","","","","","","","","","平均（統計値）","漁業全般","","","2.1","","","","","","","3","3","3","3","生","",""
"13043","","魚","きちじ","100g","","","","","","","","","","平均（統計値）","漁業全般","","","1.73","","","","","","","3","3","3","3","生","",""
"13044","","魚","きびなご","100g","","","","","","","","","","平均（統計値）","漁業全般","","","1.28","","","","","","","3","3","3","3","生","",""
"13045","","魚","キングクリップ","100g","","","","","","","","","","平均（統計値）","漁業全般","","","5.6","","","","","","","3","3","3","3","生","",""
"13046","","魚","ぎんだら","100g","","","","","","","","","","平均（統計値）","漁業全般","","","5.6","","","","","","","3","3","3","3","生","",""
"13047","","魚","きんめだい","100g","","","","","","","","","","平均（統計値）","漁業全般","","","5.6","","","","","","","3","3","3","3","","",""
"13048","","魚","ぐち","100g","","","","","","","","","","平均（統計値）","漁業全般","","","1.61","","","","","","","3","3","3","3","生","",""
"13049","","魚","にべ・ぐち類","100g","","","","","","","","","","平均（統計値）","漁業全般","","","1.61","","","","","","","3","3","3","3","","",""
"13050","","魚","まごち","100g","","","","","","","","","","平均（統計値）","漁業全般","","","5.6","","","","","","","3","3","3","3","生","",""
"13051","","魚","めごち","100g","","","","","","","","","","平均（統計値）","漁業全般","","","5.6","","","","","","","3","3","3","3","生","",""
"13052","","魚","このしろ","100g","","","","","","","","","","平均（統計値）","漁業全般","","","1.88","","","","","","","3","3","3","3","生","",""
"13053","","魚","さけ・ます類","100g","","","","","","","","","","平均（統計値）","漁業全般","","","0.96","","","","","","","3","3","3","3","","",""
"13054","","魚","ぎんざけ","100g","","","","","","","","","","宮城","養殖業","","","3.39","","","","","","","3","3","3","3","生","",""
"13055","","魚","しろざけ（秋鮭）","100g","","","","","","","","","","北海道","定置網漁業","","","0.05","","","","","","","3","3","3","3","生","低位・減少",""
"13056","","魚","さば類","100g","","","","","","","","","","平均（統計値）","漁業全般","","","1.41","","","","","","","3","3","3","3","","中位・増加",""
"13057","","魚","さば類","100g","","","","","","","","","","北部太平洋","まき網漁業","","","2.9","","","","","","","3","3","3","3","","中位・増加",""
"13058","","魚","まさば","100g","","","","","","","","","","平均（統計値）","漁業全般","","","1.41","","","","","","","3","3","3","3","生","",""
"13059","","魚","たいせいようさば","100g","","","","","","","","","","平均（統計値）","漁業全般","","","1.41","","","","","","","3","3","3","3","生","",""
"13060","","魚","あぶらつのざめ","100g","","","","","","","","","","平均（統計値）","漁業全般","","","1.84","","","","","","","3","3","3","3","生","",""
"13061","","魚","さめ類","100g","","","","","","","","","","平均（統計値）","漁業全般","","","1.84","","","","","","","3","3","3","3","","",""
"13062","","魚","よしきりざめ","100g","","","","","","","","","","平均（統計値）","漁業全般","","","1.84","","","","","","","3","3","3","3","","",""
"13063","","魚","さより","100g","","","","","","","","","","平均（統計値）","漁業全般","","","5.6","","","","","","","3","3","3","3","生","",""
"13064","","魚","さわら類","100g","","","","","","","","","","平均（統計値）","漁業全般","","","1.57","","","","","","","3","3","3","3","生","",""
"13065","","魚","さんま","100g","","","","","","","","","","平均（統計値）","漁業全般","","","1.08","","","","","","","3","3","3","3","生","",""
"13066","","魚","さんま","100g","","","","","","","","","","北海道・三陸沖","棒受網漁業","","","0.38","","","","","","","3","3","3","3","生","",""
"13067","","魚","しいら類","100g","","","","","","","","","","平均（統計値）","漁業全般","","","1.71","","","","","","","3","3","3","3","生","",""
"13068","","魚","したびらめ","100g","","","","","","","","","","平均（統計値）","漁業全般","","","2.85","","","","","","","3","3","3","3","生","",""
"13069","","魚","しらうお","100g","","","","","","","","","","平均（統計値）","漁業全般","","","5.6","","","","","","","3","3","3","3","生","低位・減少",""
"13070","","魚","シルバー","100g","","","","","","","","","","平均（統計値）","漁業全般","","","1.91","","","","","","","3","3","3","3","生","低位・減少",""
"13071","","魚","すずき類","100g","","","","","","","","","","平均（統計値）","漁業全般","","","2.1","","","","","","","3","3","3","3","生","",""
"13072","","魚","たい類","100g","","","","","","","","","","平均（統計値）","漁業全般","","","2.05","","","","","","","3","3","3","3","","",""
"13073","","魚","たかさご・グルクン","100g","","","","","","","","","","平均（統計値）","漁業全般","","","5.6","","","","","","","3","3","3","3","","",""
"13074","","魚","たかべ","100g","","","","","","","","","","平均（統計値）","漁業全般","","","5.6","","","","","","","3","3","3","3","生","",""
"13075","","魚","たちうお","100g","","","","","","","","","","平均（統計値）","漁業全般","","","2.21","","","","","","","3","3","3","3","生","",""
"13076","","魚","たらこ","100g","","","","","","","","","","平均（統計値）","漁業全般","","","1.56","","","","","","","3","3","3","3","生","",""
"13077","","魚","たら類","100g","","","","","","","","","","平均（統計値）","漁業全般","","","1.56","","","","","","","3","3","3","3","","",""
"13078","","魚","でんぶ","100g","","","","","","","","","","平均（統計値）","漁業全般","","","1.56","","","","","","","3","3","3","3","","",""
"13079","","魚","ちか","100g","","","","","","","","","","平均（統計値）","漁業全般","","","5.6","","","","","","","3","3","3","3","","",""
"13080","","魚","ナイルティラピア","100g","","","","","","","","","","平均（統計値）","漁業全般","","","5.6","","","","","","","3","3","3","3","生","",""
"13081","","魚","とびうお類","100g","","","","","","","","","","平均（統計値）","漁業全般","","","1.79","","","","","","","3","3","3","3","生","",""
"13082","","魚","なまず","100g","","","","","","","","","","平均（統計値）","漁業全般","","","5.6","","","","","","","3","3","3","3","生","",""
"13083","","魚","にぎす類","100g","","","","","","","","","","平均（統計値）","漁業全般","","","1.55","","","","","","","3","3","3","3","生","",""
"13084","","魚","にしん","100g","","","","","","","","","","平均（統計値）","漁業全般","","","1.28","","","","","","","3","3","3","3","","",""
"13085","","魚","かずのこ","100g","","","","","","","","","","平均（統計値）","漁業全般","","","1.28","","","","","","","3","3","3","3","","",""
"13086","","魚","はぜ","100g","","","","","","","","","","平均（統計値）","漁業全般","","","2.1","","","","","","","3","3","3","3","生","",""
"13087","","魚","はたはた","100g","","","","","","","","","","平均（統計値）","漁業全般","","","1.34","","","","","","","3","3","3","3","生","",""
"13088","","魚","はまふえふき","100g","","","","","","","","","","平均（統計値）","漁業全般","","","2.05","","","","","","","3","3","3","3","生","",""
"13089","","魚","はも","100g","","","","","","","","","","平均（統計値）","漁業全般","","","1.39","","","","","","","3","3","3","3","生","",""
"13090","","魚","みなみくろたち","100g","","","","","","","","","","平均（統計値）","漁業全般","","","5.6","","","","","","","3","3","3","3","","",""
"13091","","魚","ひらまさ","100g","","","","","","","","","","平均（統計値）","漁業全般","","","1.59","","","","","","","3","3","3","3","生","",""
"13092","","魚","ひらめ","100g","","","","","","","","","","平均（統計値）","漁業全般","","","2.29","","","","","","","3","3","3","3","生","",""
"13093","","魚","ひらめ","100g","","","","","","","","","","宮城（仙台湾）","小型底曳網漁業","","","4.7","","","","","","","3","3","3","3","生","",""
"13094","","魚","ひらめ","100g","","","","","","","","","","平均（統計値）","漁業全般","","","2.29","","","","","","","3","3","3","3","生","",""
"13095","","魚","とらふぐ","100g","","","","","","","","","","平均（統計値）","漁業全般","","","1.97","","","","","","","3","3","3","3","生","",""
"13096","","魚","ふぐ類","100g","","","","","","","","","","平均（統計値）","漁業全般","","","1.97","","","","","","","3","3","3","3","生","",""
"13097","","魚","まふぐ","100g","","","","","","","","","","平均（統計値）","漁業全般","","","1.97","","","","","","","3","3","3","3","生","",""
"13098","","魚","はまち","100g","","","","","","","","","","平均（統計値）","漁業全般","","","1.47","","","","","","","3","3","3","3","","",""
"13099","","魚","ぶり類","100g","","","","","","","","","","平均（統計値）","漁業全般","","","1.47","","","","","","","3","3","3","3","","",""
"13100","","魚","ほうぼう","100g","","","","","","","","","","平均（統計値）","漁業全般","","","5.6","","","","","","","3","3","3","3","生","",""
"13101","","魚","ほき","100g","","","","","","","","","","平均（統計値）","漁業全般","","","1.56","","","","","","","3","3","3","3","生","",""
"13102","","魚","ほっけ","100g","","","","","","","","","","平均（統計値）","漁業全般","","","1.13","","","","","","","3","3","3","3","生","",""
"13103","","魚","ぼら類","100g","","","","","","","","","","平均（統計値）","漁業全般","","","1.86","","","","","","","3","3","3","3","","高位・増加",""
"13104","","魚","くろまぐろ","100g","","","","","","","","","","大西洋","遠洋延縄漁業","","","16.499","","","","","","","3","3","3","3","生・赤身","",""
"13105","","魚","まぐろ類","100g","","","","","","","","","","平均（統計値）","漁業全般","","","1.73","","","","","","","3","3","3","3","","",""
"13106","","魚","めじまぐろ","100g","","","","","","","","","","平均（統計値）","漁業全般","","","1.73","","","","","","","3","3","3","3","生","",""
"13107","","魚","マジェランあいなめ","100g","","","","","","","","","","平均（統計値）","漁業全般","","","5.6","","","","","","","3","3","3","3","生","",""
"13108","","魚","まながつお","100g","","","","","","","","","","平均（統計値）","漁業全般","","","2.1","","","","","","","3","3","3","3","生","",""
"13109","","魚","みなみだら","100g","","","","","","","","","","平均（統計値）","漁業全般","","","1.56","","","","","","","3","3","3","3","","",""
"13110","","魚","むつ","100g","","","","","","","","","","平均（統計値）","漁業全般","","","2.1","","","","","","","3","3","3","3","生","",""
"13111","","魚","めじな","100g","","","","","","","","","","平均（統計値）","漁業全般","","","2.1","","","","","","","3","3","3","3","生","",""
"13112","","魚","めばる","100g","","","","","","","","","","平均（統計値）","漁業全般","","","5.6","","","","","","","3","3","3","3","生","",""
"13113","","魚","めぬけ類","100g","","","","","","","","","","平均（統計値）","漁業全般","","","9.56","","","","","","","3","3","3","3","","",""
"13114","","魚","メルルーサ","100g","","","","","","","","","","平均（統計値）","漁業全般","","","1.56","","","","","","","3","3","3","3","生","",""
"13115","","魚","やつめうなぎ","100g","","","","","","","","","","平均（統計値）","漁業全般","","","14.19","","","","","","","3","3","3","3","生","",""
"13116","","魚","わかさぎ","100g","","","","","","","","","","平均（統計値）","漁業全般","","","0.96","","","","","","","3","3","3","3","生","─",""
"13117","","魚","ごまさば","100g","","","","","","","","","","平均（統計値）","漁業全般","","","1.41","","","","","","","3","3","3","3","生","",""
"13118","","魚","その他の魚類","100g","","","","","","","","","","平均（統計値）","漁業全般","","","5.6","","","","","","","3","3","3","3","","",""
"13119","","貝","あかがい","100g","","","","","","","","","","宮城（閖上）","小型底曳網漁業","","","7.7","","","","","","","3","3","3","3","生","",""
"13120","","貝","まがき","100g","","","","","","","","","","宮城（南三陸）","養殖（エコラベル）","","","1.6","","","","","","","3","3","3","3","","",""
"13121","","貝","貝","100g","","","","","","","","","","平均（統計値）","漁業全般","","","2.4","","","","","","","3","3","3","3","","",""
"13122","","海老","えび類","100g","","","","","","","","","","平均（統計値）","養殖業","","","2.43","","","","","","","3","3","3","3","","",""
"13123","","海老","ブラックタイガー","100g","","","","","","","","","","平均（統計値）","養殖業","","","2.43","","","","","","","3","3","3","3","","",""
"13124","","蟹","毛がに","100g","","","","","","","","","","平均（統計値）","漁業全般","","","2.1","","","","","","","3","3","3","3","","",""
"13125","","蟹","かに類","100g","","","","","","","","","","平均（統計値）","漁業全般","","","2.1","","","","","","","3","3","3","3","","",""
"13126","","烏賊","けんさきいか","100g","","","","","","","","","","平均（統計値）","漁業全般","","","2.06","","","","","","","3","3","3","3","","",""
"13127","","烏賊","いか類","100g","","","","","","","","","","平均（統計値）","漁業全般","","","2.06","","","","","","","3","3","3","3","","",""
"13128","","烏賊","するめいか","100g","","","","","","","","","","北海道","いか釣り漁業","","","2.23","","","","","","","3","3","3","3","生","",""
"13129","","烏賊","するめいか","100g","","","","","","","","","","北海道","定置網漁業","","","0.05","","","","","","","3","3","3","3","生","",""
"13130","","烏賊","するめいか","100g","","","","","","","","","","北海道","沖合底曳網漁業","","","0.5","","","","","","","3","3","3","3","生","",""
"13131","","蛸","いいだこ","100g","","","","","","","","","","平均（統計値）","漁業全般","","","2.12","","","","","","","3","3","3","3","","",""
"13132","","蛸","たこ類","100g","","","","","","","","","","平均（統計値）","漁業全般","","","2.12","","","","","","","3","3","3","3","","",""
"13133","","蛸","まだこ","100g","","","","","","","","","","平均（統計値）","漁業全般","","","2.12","","","","","","","3","3","3","3","","",""
"13134","","その他魚介類","うに類","100g","","","","","","","","","","平均（統計値）","漁業全般","","","2.22","","","","","","","3","3","3","3","","",""
"13135","","その他魚介類","おきあみ類","100g","","","","","","","","","","平均（統計値）","漁業全般","","","2.54","","","","","","","3","3","3","3","","",""
"13136","","その他魚介類","しゃこ","100g","","","","","","","","","","平均（統計値）","漁業全般","","","14.19","","","","","","","3","3","3","3","","",""
"13137","","その他魚介類","その他の水産動物類","100g","","","","","","","","","","平均（統計値）","漁業全般","","","14.19","","","","","","","3","3","3","3","","",""
"13138","","その他魚介類","なまこ類","100g","","","","","","","","","","平均（統計値）","漁業全般","","","2.34","","","","","","","3","3","3","3","","",""
"13139","","その他魚介類","海産ほ乳類","100g","","","","","","","","","","平均（統計値）","漁業全般","","","2.16","","","","","","","3","3","3","3","","",""
"13140","","海藻類","あらめ蒸し干し","100g","","","","","","","","","","平均（統計値）","漁業全般","","","2.23","","","","","","","3","3","3","3","","",""
"13141","","海藻類","えごのり素干し","100g","","","","","","","","","","平均（統計値）","漁業全般","","","2.23","","","","","","","3","3","3","3","","",""
"13142","","海藻類","おごのり","100g","","","","","","","","","","平均（統計値）","漁業全般","","","2.23","","","","","","","3","3","3","3","","",""
"13143","","海藻類","その他の海藻類","100g","","","","","","","","","","平均（統計値）","漁業全般","","","2.23","","","","","","","3","3","3","3","","",""
"13144","","海藻類","うみぶどう","100g","","","","","","","","","","平均（統計値）","漁業全般","","","2.23","","","","","","","3","3","3","3","","",""
"13145","","海藻類","えながおにこんぶ","100g","","","","","","","","","","平均（統計値）","漁業全般","","","2.19","","","","","","","3","3","3","3","","",""
"13146","","海藻類","がごめこんぶ","100g","","","","","","","","","","平均（統計値）","漁業全般","","","2.19","","","","","","","3","3","3","3","","",""
"13147","","海藻類","ながこんぶ","100g","","","","","","","","","","平均（統計値）","漁業全般","","","2.19","","","","","","","3","3","3","3","","",""
"13148","","海藻類","ほそめこんぶ","100g","","","","","","","","","","平均（統計値）","漁業全般","","","2.19","","","","","","","3","3","3","3","","",""
"13149","","海藻類","こんぶ類","100g","","","","","","","","","","平均（統計値）","漁業全般","","","2.19","","","","","","","3","3","3","3","","",""
"13150","","海藻類","まこんぶ","100g","","","","","","","","","","平均（統計値）","漁業全般","","","2.19","","","","","","","3","3","3","3","","",""
"13151","","海藻類","みついしこんぶ","100g","","","","","","","","","","平均（統計値）","漁業全般","","","2.19","","","","","","","3","3","3","3","","",""
"13152","","海藻類","りしりこんぶ","100g","","","","","","","","","","平均（統計値）","漁業全般","","","2.19","","","","","","","3","3","3","3","","",""
"13153","","海藻類","刻み昆布","100g","","","","","","","","","","平均（統計値）","漁業全般","","","2.19","","","","","","","3","3","3","3","","",""
"13154","","海藻類","削り昆布","100g","","","","","","","","","","平均（統計値）","漁業全般","","","2.19","","","","","","","3","3","3","3","","",""
"13155","","海藻類","すいぜんじのり","100g","","","","","","","","","","平均（統計値）","漁業全般","","","2.23","","","","","","","3","3","3","3","","",""
"13156","","海藻類","てんぐさ類","100g","","","","","","","","","","平均（統計値）","漁業全般","","","2.3","","","","","","","3","3","3","3","","",""
"13157","","海藻類","とさかのり","100g","","","","","","","","","","平均（統計値）","漁業全般","","","2.23","","","","","","","3","3","3","3","","",""
"13158","","海藻類","ひとえぐさ","100g","","","","","","","","","","平均（統計値）","漁業全般","","","2.23","","","","","","","3","3","3","3","","",""
"13159","","海藻類","ふのり","100g","","","","","","","","","","平均（統計値）","漁業全般","","","2.23","","","","","","","3","3","3","3","","",""
"13160","","海藻類","まつも","100g","","","","","","","","","","平均（統計値）","漁業全般","","","2.23","","","","","","","3","3","3","3","","",""
"13161","","海藻類","わかめ類","100g","","","","","","","","","","平均（統計値）","漁業全般","","","2.2","","","","","","","3","3","3","3","","",""
"13162","","海藻類","乾燥わかめ","100g","","","","","","","","","","平均（統計値）","漁業全般","","","2.2","","","","","","","3","3","3","3","","",""
"13163","","海藻類","カットわかめ","100g","","","","","","","","","","平均（統計値）","漁業全般","","","2.2","","","","","","","3","3","3","3","","",""
"13164","","海藻類","めかぶわかめ","100g","","","","","","","","","","平均（統計値）","漁業全般","","","2.2","","","","","","","3","3","3","3","","",""
"13165","","海藻類","ひじき","100g","","","","","","","","","","平均（統計値）","漁業全般","","","2.19","","","","","","","3","3","3","3","","",""
"12166","","野菜類","かぶ(葉)","100g","","","","","","","","","","","","神奈川","","0.0539893330375056","","","","","","","3","3","3","3","","",""
"12167","","野菜類","かぶ(葉)","100g","","","","","","","","","","","","岐阜","","0.0833738270368628","","","","","","","3","3","3","3","","",""
"12168","","野菜類","かぶ(葉)","100g","","","","","","","","","","","","滋賀","","0.125100697533188","","","","","","","3","3","3","3","","",""
"12169","","野菜類","かぶ(葉)","100g","","","","","","","","","","","","その他（平均）","","0.0874879525358522","","","","","","","3","3","3","3","","",""
"12170","","野菜類","かぶ(根)","100g","","","","","","","","","","","","神奈川","","0.0539893330375056","","","","","","","3","3","3","3","","",""
"12171","","野菜類","かぶ(根)","100g","","","","","","","","","","","","岐阜","","0.0833738270368628","","","","","","","3","3","3","3","","",""
"12172","","野菜類","かぶ(根)","100g","","","","","","","","","","","","滋賀","","0.125100697533188","","","","","","","3","3","3","3","","",""
"12173","","野菜類","かぶ(根)","100g","","","","","","","","","","","","その他（平均）","","0.0874879525358522","","","","","","","3","3","3","3","","",""
"12174","","野菜類","ごぼう","100g","","","","","","","","","","","","北海道","","0.113925631197437","","","","","","","3","3","3","3","","",""
"12175","","野菜類","ごぼう","100g","","","","","","","","","","","","青森","","0.232061092744194","","","","","","","3","3","3","3","","",""
"12176","","野菜類","ごぼう","100g","","","","","","","","","","","","秋田","","0.304637513966344","","","","","","","3","3","3","3","","",""
"12177","","野菜類","ごぼう","100g","","","","","","","","","","","","千葉","","0.157518420561202","","","","","","","3","3","3","3","","",""
"12178","","野菜類","ごぼう","100g","","","","","","","","","","","","神奈川","","0.298478586191429","","","","","","","3","3","3","3","","",""
"12179","","野菜類","ごぼう","100g","","","","","","","","","","","","熊本","","0.251270750782581","","","","","","","3","3","3","3","","",""
"12180","","野菜類","ごぼう","100g","","","","","","","","","","","","鹿児島","","0.421320058823722","","","","","","","3","3","3","3","","",""
"12181","","野菜類","ごぼう","100g","","","","","","","","","","","","その他（平均）","","0.254173150609558","","","","","","","3","3","3","3","","",""
"12182","","芋類","さといも","100g","","","","","","","","","","","","秋田","","0.196863578564655","","","","","","","3","3","3","3","","",""
"12183","","芋類","さといも","100g","","","","","","","","","","","","神奈川","","0.113206143779625","","","","","","","3","3","3","3","","",""
"12184","","芋類","さといも","100g","","","","","","","","","","","","岐阜","","0.277080066749327","","","","","","","3","3","3","3","","",""
"12185","","芋類","さといも","100g","","","","","","","","","","","","愛媛","","0.18832169480325","","","","","","","3","3","3","3","","",""
"12186","","芋類","さといも","100g","","","","","","","","","","","","熊本","","0.169714934194489","","","","","","","3","3","3","3","","",""
"12187","","芋類","さといも","100g","","","","","","","","","","","","鹿児島","","0.346565190765251","","","","","","","3","3","3","3","","",""
"12188","","芋類","さといも","100g","","","","","","","","","","","","その他（平均）","","0.215291934809433","","","","","","","3","3","3","3","","",""
"12189","","野菜類","しょうが","100g","","","","","","","","","","","","熊本","","0.172534827149859","","","","","","","3","3","3","3","","",""
"12190","","野菜類","しょうが","100g","","","","","","","","","","","","その他（平均）","","0.172534827149859","","","","","","","3","3","3","3","","",""
"12191","","野菜類","だいこん(葉)","100g","","","","","","","","","","","","北海道","4月1日～6月30日","0.0277274432131902","","","","","","","3","3","3","3","","",""
"12192","","野菜類","だいこん(葉)","100g","","","","","","","","","","","","千葉","4月1日～6月30日","0.0210917642369321","","","","","","","3","3","3","3","","",""
"12193","","野菜類","だいこん(葉)","100g","","","","","","","","","","","","神奈川","4月1日～6月30日","0.0721385848783032","","","","","","","3","3","3","3","","",""
"12194","","野菜類","だいこん(葉)","100g","","","","","","","","","","","","岐阜","4月1日～6月30日","0.0582403220055067","","","","","","","3","3","3","3","","",""
"12195","","野菜類","だいこん(葉)","100g","","","","","","","","","","","","熊本","4月1日～6月30日","0.0774397704958416","","","","","","","3","3","3","3","","",""
"12196","","野菜類","だいこん(葉)","100g","","","","","","","","","","","","その他（平均）","4月1日～6月30日","0.0513275769659548","","","","","","","3","3","3","3","","",""
"12197","","野菜類","だいこん(葉)","100g","","","","","","","","","","","","北海道","7月1日～9月30日","0.0331134706169511","","","","","","","3","3","3","3","","",""
"12198","","野菜類","だいこん(葉)","100g","","","","","","","","","","","","青森","7月1日～9月30日","0.0252464500628165","","","","","","","3","3","3","3","","",""
"12199","","野菜類","だいこん(葉)","100g","","","","","","","","","","","","神奈川","7月1日～9月30日","0.0521125700605006","","","","","","","3","3","3","3","","",""
"12200","","野菜類","だいこん(葉)","100g","","","","","","","","","","","","岐阜","7月1日～9月30日","0.112890136077861","","","","","","","3","3","3","3","","",""
"12201","","野菜類","だいこん(葉)","100g","","","","","","","","","","","","熊本","7月1日～9月30日","0.0774226278785037","","","","","","","3","3","3","3","","",""
"12202","","野菜類","だいこん(葉)","100g","","","","","","","","","","","","その他（平均）","7月1日～9月30日","0.0601570509393265","","","","","","","3","3","3","3","","",""
"12203","","野菜類","だいこん(葉)","100g","","","","","","","","","","","","青森","10月1日～3月31日","0.0288577754953762","","","","","","","3","3","3","3","","",""
"12204","","野菜類","だいこん(葉)","100g","","","","","","","","","","","","千葉","10月1日～3月31日","0.0135794112562501","","","","","","","3","3","3","3","","",""
"12205","","野菜類","だいこん(葉)","100g","","","","","","","","","","","","神奈川","10月1日～3月31日","0.0475350854235385","","","","","","","3","3","3","3","","",""
"12206","","野菜類","だいこん(葉)","100g","","","","","","","","","","","","滋賀","10月1日～3月31日","0.0827955134090501","","","","","","","3","3","3","3","","",""
"12207","","野菜類","だいこん(葉)","100g","","","","","","","","","","","","その他（平均）","10月1日～3月31日","0.0479700033629462","","","","","","","3","3","3","3","","",""
"12208","","野菜類","だいこん(根)","100g","","","","","","","","","","","","北海道","4月1日～6月30日","0.0277274432131902","","","","","","","3","3","3","3","","",""
"12209","","野菜類","だいこん(根)","100g","","","","","","","","","","","","千葉","4月1日～6月30日","0.0210917642369321","","","","","","","3","3","3","3","","",""
"12210","","野菜類","だいこん(根)","100g","","","","","","","","","","","","神奈川","4月1日～6月30日","0.0721385848783032","","","","","","","3","3","3","3","","",""
"12211","","野菜類","だいこん(根)","100g","","","","","","","","","","","","岐阜","4月1日～6月30日","0.0582403220055067","","","","","","","3","3","3","3","","",""
"12212","","野菜類","だいこん(根)","100g","","","","","","","","","","","","熊本","4月1日～6月30日","0.0774397704958416","","","","","","","3","3","3","3","","",""
"12213","","野菜類","だいこん(根)","100g","","","","","","","","","","","","その他（平均）","4月1日～6月30日","0.0513275769659548","","","","","","","3","3","3","3","","",""
"12214","","野菜類","だいこん(根)","100g","","","","","","","","","","","","北海道","7月1日～9月30日","0.0331134706169511","","","","","","","3","3","3","3","","",""
"12215","","野菜類","だいこん(根)","100g","","","","","","","","","","","","青森","7月1日～9月30日","0.0252464500628165","","","","","","","3","3","3","3","","",""
"12216","","野菜類","だいこん(根)","100g","","","","","","","","","","","","神奈川","7月1日～9月30日","0.0521125700605006","","","","","","","3","3","3","3","","",""
"12217","","野菜類","だいこん(根)","100g","","","","","","","","","","","","岐阜","7月1日～9月30日","0.112890136077861","","","","","","","3","3","3","3","","",""
"12218","","野菜類","だいこん(根)","100g","","","","","","","","","","","","熊本","7月1日～9月30日","0.0774226278785037","","","","","","","3","3","3","3","","",""
"12219","","野菜類","だいこん(根)","100g","","","","","","","","","","","","その他（平均）","7月1日～9月30日","0.0601570509393265","","","","","","","3","3","3","3","","",""
"12220","","野菜類","だいこん(根)","100g","","","","","","","","","","","","青森","10月1日～3月31日","0.0288577754953762","","","","","","","3","3","3","3","","",""
"12221","","野菜類","だいこん(根)","100g","","","","","","","","","","","","千葉","10月1日～3月31日","0.0135794112562501","","","","","","","3","3","3","3","","",""
"12222","","野菜類","だいこん(根)","100g","","","","","","","","","","","","神奈川","10月1日～3月31日","0.0475350854235385","","","","","","","3","3","3","3","","",""
"12223","","野菜類","だいこん(根)","100g","","","","","","","","","","","","滋賀","10月1日～3月31日","0.0827955134090501","","","","","","","3","3","3","3","","",""
"12224","","野菜類","だいこん(根)","100g","","","","","","","","","","","","その他（平均）","10月1日～3月31日","0.0479700033629462","","","","","","","3","3","3","3","","",""
"12225","","野菜類","にんじん","100g","","","","","","","","","","","","北海道","4月1日～7月31日","0.0713643849466893","","","","","","","3","3","3","3","","",""
"12226","","野菜類","にんじん","100g","","","","","","","","","","","","青森","4月1日～7月31日","0.106865937840709","","","","","","","3","3","3","3","","",""
"12227","","野菜類","にんじん","100g","","","","","","","","","","","","神奈川","4月1日～7月31日","0.0637597862507985","","","","","","","3","3","3","3","","",""
"12228","","野菜類","にんじん","100g","","","","","","","","","","","","岐阜","4月1日～7月31日","0.0701470280905686","","","","","","","3","3","3","3","","",""
"12229","","野菜類","にんじん","100g","","","","","","","","","","","","その他（平均）","4月1日～7月31日","0.0780342842821913","","","","","","","3","3","3","3","","",""
"12230","","野菜類","にんじん","100g","","","","","","","","","","","","北海道","8月1日～10月31日","0.0659800888767965","","","","","","","3","3","3","3","","",""
"12231","","野菜類","にんじん","100g","","","","","","","","","","","","青森","8月1日～10月31日","0.102818925656753","","","","","","","3","3","3","3","","",""
"12232","","野菜類","にんじん","100g","","","","","","","","","","","","その他（平均）","8月1日～10月31日","0.0843995072667749","","","","","","","3","3","3","3","","",""
"12233","","野菜類","にんじん","100g","","","","","","","","","","","","秋田","11月1日～3月31日","0.123044826422862","","","","","","","3","3","3","3","","",""
"12234","","野菜類","にんじん","100g","","","","","","","","","","","","神奈川","11月1日～3月31日","0.0675310244806491","","","","","","","3","3","3","3","","",""
"12235","","野菜類","にんじん","100g","","","","","","","","","","","","熊本","11月1日～3月31日","0.0651025031611788","","","","","","","3","3","3","3","","",""
"12236","","野菜類","にんじん","100g","","","","","","","","","","","","その他（平均）","11月1日～3月31日","0.0852261180215632","","","","","","","3","3","3","3","","",""
"12237","","芋類","ばれいしょ","100g","","","","","","","","","","","","秋田","","0.152603507957297","","","","","","","3","3","3","3","","",""
"12238","","芋類","ばれいしょ","100g","","","","","","","","","","","","神奈川","","0.111487211105249","","","","","","","3","3","3","3","","",""
"12239","","芋類","ばれいしょ","100g","","","","","","","","","","","","熊本","","0.158753855565816","","","","","","","3","3","3","3","","",""
"12240","","芋類","ばれいしょ","100g","","","","","","","","","","","","鹿児島","","0.164487754472399","","","","","","","3","3","3","3","","",""
"12241","","芋類","ばれいしょ","100g","","","","","","","","","","","","その他（平均）","","0.14683308227519","","","","","","","3","3","3","3","","",""
"12242","","芋類","ながいも","100g","","","","","","","","","","","","北海道","","0.107615869927369","","","","","","","3","3","3","3","","",""
"12243","","芋類","ながいも","100g","","","","","","","","","","","","青森","","0.16908174510679","","","","","","","3","3","3","3","","",""
"12244","","芋類","ながいも","100g","","","","","","","","","","","","千葉","","1.19842069382446","","","","","","","3","3","3","3","","",""
"12245","","芋類","ながいも","100g","","","","","","","","","","","","長野","","0.17324522022737","","","","","","","3","3","3","3","","",""
"12246","","芋類","ながいも","100g","","","","","","","","","","","","その他（平均）","","0.412090882271496","","","","","","","3","3","3","3","","",""
"12247","","芋類","いちょういも（やまといも）","100g","","","","","","","","","","","","その他（平均）","","0.412090882271496","","","","","","","3","3","3","3","","",""
"12248","","芋類","つくねいも（やまといも）","100g","","","","","","","","","","","","その他（平均）","","0.412090882271496","","","","","","","3","3","3","3","","",""
"12249","","野菜類","れんこん","100g","","","","","","","","","","","","千葉","","0.732676021979401","","","","","","","3","3","3","3","","",""
"12250","","野菜類","れんこん","100g","","","","","","","","","","","","熊本","","0.262327683012184","","","","","","","3","3","3","3","","",""
"12251","","野菜類","れんこん","100g","","","","","","","","","","","","その他（平均）","","0.497501852495792","","","","","","","3","3","3","3","","",""
"12252","","野菜類","アスパラガス","100g","","","","","","","","","","","","北海道","","0.634869434887629","","","","","","","3","3","3","3","","",""
"12253","","野菜類","アスパラガス","100g","","","","","","","","","","","","秋田","","1.40930862889285","","","","","","","3","3","3","3","","",""
"12254","","野菜類","アスパラガス","100g","","","","","","","","","","","","栃木","","0.290004641473103","","","","","","","3","3","3","3","","",""
"12255","","野菜類","アスパラガス","100g","","","","","","","","","","","","長野","","0.660327713251212","","","","","","","3","3","3","3","","",""
"12256","","野菜類","アスパラガス","100g","","","","","","","","","","","","熊本","","0.196029731136641","","","","","","","3","3","3","3","","",""
"12257","","野菜類","アスパラガス","100g","","","","","","","","","","","","その他（平均）","","0.638108029928286","","","","","","","3","3","3","3","","",""
"12258","","野菜類","カリフラワー","100g","","","","","","","","","","","","神奈川","","0.115210488944695","","","","","","","3","3","3","3","","",""
"12259","","野菜類","カリフラワー","100g","","","","","","","","","","","","長野","","0.170704746919853","","","","","","","3","3","3","3","","",""
"12260","","野菜類","カリフラワー","100g","","","","","","","","","","","","その他（平均）","","0.142957617932274","","","","","","","3","3","3","3","","",""
"12261","","野菜類","キャベツ","100g","","","","","","","","","","","","北海道","4月1日～6月30日日","0.151953843201789","","","","","","","3","3","3","3","","",""
"12262","","野菜類","キャベツ","100g","","","","","","","","","","","","秋田","4月1日～6月30日日","0.121817969326449","","","","","","","3","3","3","3","","",""
"12263","","野菜類","キャベツ","100g","","","","","","","","","","","","千葉","4月1日～6月30日日","0.0677513508621441","","","","","","","3","3","3","3","","",""
"12264","","野菜類","キャベツ","100g","","","","","","","","","","","","神奈川","4月1日～6月30日日","0.0718248536115942","","","","","","","3","3","3","3","","",""
"12265","","野菜類","キャベツ","100g","","","","","","","","","","","","鹿児島","4月1日～6月30日日","0.0820514514389092","","","","","","","3","3","3","3","","",""
"12266","","野菜類","キャベツ","100g","","","","","","","","","","","","その他（平均）","4月1日～6月30日日","0.0990798936881771","","","","","","","3","3","3","3","","",""
"12267","","野菜類","キャベツ","100g","","","","","","","","","","","","北海道","7月1日～10月31日","0.036987315104464","","","","","","","3","3","3","3","","",""
"12268","","野菜類","キャベツ","100g","","","","","","","","","","","","秋田","7月1日～10月31日","0.10972643280946","","","","","","","3","3","3","3","","",""
"12269","","野菜類","キャベツ","100g","","","","","","","","","","","","群馬","7月1日～10月31日","0.0611149226236573","","","","","","","3","3","3","3","","",""
"12270","","野菜類","キャベツ","100g","","","","","","","","","","","","長野","7月1日～10月31日","0.0919731611697333","","","","","","","3","3","3","3","","",""
"12271","","野菜類","キャベツ","100g","","","","","","","","","","","","熊本","7月1日～10月31日","0.088437246774985","","","","","","","3","3","3","3","","",""
"12272","","野菜類","キャベツ","100g","","","","","","","","","","","","その他（平均）","7月1日～10月31日","0.0776478156964599","","","","","","","3","3","3","3","","",""
"12273","","野菜類","キャベツ","100g","","","","","","","","","","","","秋田","11月1日～3月31日","0.10972643280946","","","","","","","3","3","3","3","","",""
"12274","","野菜類","キャベツ","100g","","","","","","","","","","","","群馬","11月1日～3月31日","0.0768573937965768","","","","","","","3","3","3","3","","",""
"12275","","野菜類","キャベツ","100g","","","","","","","","","","","","千葉","11月1日～3月31日","0.0748895397968406","","","","","","","3","3","3","3","","",""
"12276","","野菜類","キャベツ","100g","","","","","","","","","","","","神奈川","11月1日～3月31日","0.0714812803992413","","","","","","","3","3","3","3","","",""
"12277","","野菜類","キャベツ","100g","","","","","","","","","","","","愛媛","11月1日～3月31日","0.0671651589506012","","","","","","","3","3","3","3","","",""
"12278","","野菜類","キャベツ","100g","","","","","","","","","","","","熊本","11月1日～3月31日","0.0682087944803334","","","","","","","3","3","3","3","","",""
"12279","","野菜類","キャベツ","100g","","","","","","","","","","","","鹿児島","11月1日～3月31日","0.0819966107578815","","","","","","","3","3","3","3","","",""
"12280","","野菜類","キャベツ","100g","","","","","","","","","","","","その他（平均）","11月1日～3月31日","0.0786178872844193","","","","","","","3","3","3","3","","",""
"12281","","野菜類","こまつな","100g","","","","","","","","","","","","北海道","","0.175292310739649","","","","","","","3","3","3","3","","",""
"12282","","野菜類","こまつな","100g","","","","","","","","","","","","青森","","0.262111027807988","","","","","","","3","3","3","3","","",""
"12283","","野菜類","こまつな","100g","","","","","","","","","","","","秋田","","0.307928812351375","","","","","","","3","3","3","3","","",""
"12284","","野菜類","こまつな","100g","","","","","","","","","","","","神奈川","","0.164665525992931","","","","","","","3","3","3","3","","",""
"12285","","野菜類","こまつな","100g","","","","","","","","","","","","岐阜","","0.110022776587576","","","","","","","3","3","3","3","","",""
"12286","","野菜類","こまつな","100g","","","","","","","","","","","","その他（平均）","","0.204004090695904","","","","","","","3","3","3","3","","",""
"12287","","芋類","さつまいも（かんしょ）","100g","","","","","","","","","","","","","","0.0969127825648146","","","","","","","3","3","3","3","","",""
"12288","","野菜類","さやいんげん","100g","","","","","","","","","","","","北海道","","0.377567181592643","","","","","","","3","3","3","3","","",""
"12289","","野菜類","さやいんげん","100g","","","","","","","","","","","","秋田","","0.434030934225829","","","","","","","3","3","3","3","","",""
"12290","","野菜類","さやいんげん","100g","","","","","","","","","","","","神奈川","","0.178369697918227","","","","","","","3","3","3","3","","",""
"12291","","野菜類","さやいんげん","100g","","","","","","","","","","","","長野","","0.345116261572229","","","","","","","3","3","3","3","","",""
"12292","","野菜類","さやいんげん","100g","","","","","","","","","","","","熊本","","0.511535347405444","","","","","","","3","3","3","3","","",""
"12293","","野菜類","さやいんげん","100g","","","","","","","","","","","","その他（平均）","","0.369323884542874","","","","","","","3","3","3","3","","",""
"12294","","野菜類","さやえんどう","100g","","","","","","","","","","","","北海道","","0.297648657499962","","","","","","","3","3","3","3","","",""
"12295","","野菜類","さやえんどう","100g","","","","","","","","","","","","秋田","","2.90603857613328","","","","","","","3","3","3","3","","",""
"12296","","野菜類","さやえんどう","100g","","","","","","","","","","","","熊本","","0.270761741399474","","","","","","","3","3","3","3","","",""
"12297","","野菜類","さやえんどう","100g","","","","","","","","","","","","鹿児島","","0.416637709705279","","","","","","","3","3","3","3","","",""
"12298","","野菜類","さやえんどう","100g","","","","","","","","","","","","その他（平均）","","0.9727716711845","","","","","","","3","3","3","3","","",""
"12299","","野菜類","ししとう","100g","","","","","","","","","","","","","4月1日～9月30日","1.12657510854777","","","","","","","3","3","3","3","","",""
"12300","","野菜類","ししとう","100g","","","","","","","","","","","","","10月1日～3月31日","7.3523069874238","","","","","","","3","3","3","3","","",""
"12301","","野菜類","しゅんぎく","100g","","","","","","","","","","","","北海道","","0.150553320315962","","","","","","","3","3","3","3","","",""
"12302","","野菜類","しゅんぎく","100g","","","","","","","","","","","","千葉","","0.52509691382571","","","","","","","3","3","3","3","","",""
"12303","","野菜類","しゅんぎく","100g","","","","","","","","","","","","神奈川","","0.718503435610656","","","","","","","3","3","3","3","","",""
"12304","","野菜類","しゅんぎく","100g","","","","","","","","","","","","その他（平均）","","0.464717889917443","","","","","","","3","3","3","3","","",""
"12305","","野菜類","セルリー(セロリ―)","100g","","","","","","","","","","","","北海道","","0.207578217337171","","","","","","","3","3","3","3","","",""
"12306","","野菜類","セルリー(セロリ―)","100g","","","","","","","","","","","","長野","","0.531580191500924","","","","","","","3","3","3","3","","",""
"12307","","野菜類","セルリー(セロリ―)","100g","","","","","","","","","","","","その他（平均）","","0.369579204419047","","","","","","","3","3","3","3","","",""
"12308","","野菜類","たまねぎ","100g","","","","","","","","","","","","北海道","","0.0418295407204874","","","","","","","3","3","3","3","","",""
"12309","","野菜類","たまねぎ","100g","","","","","","","","","","","","千葉","","0.0260475254607894","","","","","","","3","3","3","3","","",""
"12310","","野菜類","たまねぎ","100g","","","","","","","","","","","","神奈川","","0.0427320297379837","","","","","","","3","3","3","3","","",""
"12311","","野菜類","たまねぎ","100g","","","","","","","","","","","","長野","","0.0790226929662405","","","","","","","3","3","3","3","","",""
"12312","","野菜類","たまねぎ","100g","","","","","","","","","","","","岐阜","","0.0803737082975778","","","","","","","3","3","3","3","","",""
"12313","","野菜類","たまねぎ","100g","","","","","","","","","","","","愛媛","","0.0888942772587701","","","","","","","3","3","3","3","","",""
"12314","","野菜類","たまねぎ","100g","","","","","","","","","","","","熊本","","0.0970435983632563","","","","","","","3","3","3","3","","",""
"12315","","野菜類","たまねぎ","100g","","","","","","","","","","","","鹿児島","","0.0880994463518446","","","","","","","3","3","3","3","","",""
"12316","","野菜類","たまねぎ","100g","","","","","","","","","","","","その他（平均）","","0.0680053523946187","","","","","","","3","3","3","3","","",""
"12317","","野菜類","ちんげんさい","100g","","","","","","","","","","","","秋田","","0.0269816578633888","","","","","","","3","3","3","3","","",""
"12318","","野菜類","ちんげんさい","100g","","","","","","","","","","","","長野","","0.0999339234874885","","","","","","","3","3","3","3","","",""
"12319","","野菜類","ちんげんさい","100g","","","","","","","","","","","","その他（平均）","","0.0634577906754387","","","","","","","3","3","3","3","","",""
"12320","","野菜類","にら","100g","","","","","","","","","","","","北海道","","0.0860910563748681","","","","","","","3","3","3","3","","",""
"12321","","野菜類","にら","100g","","","","","","","","","","","","千葉","","0.146089786433728","","","","","","","3","3","3","3","","",""
"12322","","野菜類","にら","100g","","","","","","","","","","","","熊本","","0.182559311105333","","","","","","","3","3","3","3","","",""
"12323","","野菜類","にら","100g","","","","","","","","","","","","その他（平均）","","0.13824671797131","","","","","","","3","3","3","3","","",""
"12324","","野菜類","にんにく","100g","","","","","","","","","","","","青森","","0.703435031008364","","","","","","","3","3","3","3","","",""
"12325","","野菜類","にんにく","100g","","","","","","","","","","","","秋田","","0.447787832717008","","","","","","","3","3","3","3","","",""
"12326","","野菜類","にんにく","100g","","","","","","","","","","","","その他（平均）","","0.575611431862686","","","","","","","3","3","3","3","","",""
"12327","","野菜類","白ネギ(根深ねぎ)","100g","","","","","","","","","","","","秋田","4月1日～6月30日","0.19309219109022","","","","","","","3","3","3","3","","",""
"12328","","野菜類","白ネギ(根深ねぎ)","100g","","","","","","","","","","","","その他（平均）","4月1日～6月30日","0.19309219109022","","","","","","","3","3","3","3","","",""
"12329","","野菜類","白ネギ(根深ねぎ)","100g","","","","","","","","","","","","北海道","7月1日～9月30日","0.0912360057766604","","","","","","","3","3","3","3","","",""
"12330","","野菜類","白ネギ(根深ねぎ)","100g","","","","","","","","","","","","秋田","7月1日～9月30日","0.237449452626463","","","","","","","3","3","3","3","","",""
"12331","","野菜類","白ネギ(根深ねぎ)","100g","","","","","","","","","","","","栃木","7月1日～9月30日","0.190617317976061","","","","","","","3","3","3","3","","",""
"12332","","野菜類","白ネギ(根深ねぎ)","100g","","","","","","","","","","","","神奈川","7月1日～9月30日","0.184497026068953","","","","","","","3","3","3","3","","",""
"12333","","野菜類","白ネギ(根深ねぎ)","100g","","","","","","","","","","","","その他（平均）","7月1日～9月30日","0.18166403077143","","","","","","","3","3","3","3","","",""
"12334","","野菜類","白ネギ(根深ねぎ)","100g","","","","","","","","","","","","秋田","10月1日～3月31日","0.233778099615865","","","","","","","3","3","3","3","","",""
"12335","","野菜類","白ネギ(根深ねぎ)","100g","","","","","","","","","","","","栃木","10月1日～3月31日","0.216831156724348","","","","","","","3","3","3","3","","",""
"12336","","野菜類","白ネギ(根深ねぎ)","100g","","","","","","","","","","","","千葉","10月1日～3月31日","0.191836974947123","","","","","","","3","3","3","3","","",""
"12337","","野菜類","白ネギ(根深ねぎ)","100g","","","","","","","","","","","","神奈川","10月1日～3月31日","0.0690076874601317","","","","","","","3","3","3","3","","",""
"12338","","野菜類","白ネギ(根深ねぎ)","100g","","","","","","","","","","","","鹿児島","10月1日～3月31日","0.514152552191943","","","","","","","3","3","3","3","","",""
"12339","","野菜類","白ネギ(根深ねぎ)","100g","","","","","","","","","","","","その他（平均）","10月1日～3月31日","0.245121294187882","","","","","","","3","3","3","3","","",""
"12340","","野菜類","青ネギ(葉ねぎ)","100g","","","","","","","","","","","","その他（平均）","10月1日～3月31日","0.245121294187882","","","","","","","3","3","3","3","","",""
"12341","","野菜類","こねぎ","100g","","","","","","","","","","","","その他（平均）","10月1日～3月31日","0.245121294187882","","","","","","","3","3","3","3","","",""
"12342","","野菜類","はくさい","100g","","","","","","","","","","","","北海道","4月1日～6月30日","0.107516966075179","","","","","","","3","3","3","3","","",""
"12343","","野菜類","はくさい","100g","","","","","","","","","","","","熊本","4月1日～6月30日","0.0481870490469043","","","","","","","3","3","3","3","","",""
"12344","","野菜類","はくさい","100g","","","","","","","","","","","","その他（平均）","4月1日～6月30日","0.0778520075610415","","","","","","","3","3","3","3","","",""
"12345","","野菜類","はくさい","100g","","","","","","","","","","","","北海道","7月1日～9月30日","0.059904972480049","","","","","","","3","3","3","3","","",""
"12346","","野菜類","はくさい","100g","","","","","","","","","","","","長野","7月1日～9月30日","0.063383075546067","","","","","","","3","3","3","3","","",""
"12347","","野菜類","はくさい","100g","","","","","","","","","","","","その他（平均）","7月1日～9月30日","0.061644024013058","","","","","","","3","3","3","3","","",""
"12348","","野菜類","はくさい","100g","","","","","","","","","","","","群馬","10月1日～3月31日","0.0908794198929661","","","","","","","3","3","3","3","","",""
"12349","","野菜類","はくさい","100g","","","","","","","","","","","","神奈川","10月1日～3月31日","0.0549098799321466","","","","","","","3","3","3","3","","",""
"12350","","野菜類","はくさい","100g","","","","","","","","","","","","熊本","10月1日～3月31日","0.0473695832396734","","","","","","","3","3","3","3","","",""
"12351","","野菜類","はくさい","100g","","","","","","","","","","","","鹿児島","10月1日～3月31日","0.0611458408200465","","","","","","","3","3","3","3","","",""
"12352","","野菜類","はくさい","100g","","","","","","","","","","","","その他（平均）","10月1日～3月31日","0.0635761809712081","","","","","","","3","3","3","3","","",""
"12353","","野菜類","ブロッコリー","100g","","","","","","","","","","","","北海道","","0.206802549748891","","","","","","","3","3","3","3","","",""
"12354","","野菜類","ブロッコリー","100g","","","","","","","","","","","","青森","","0.515694208478733","","","","","","","3","3","3","3","","",""
"12355","","野菜類","ブロッコリー","100g","","","","","","","","","","","","秋田","","0.481361656435518","","","","","","","3","3","3","3","","",""
"12356","","野菜類","ブロッコリー","100g","","","","","","","","","","","","神奈川","","0.220837983935108","","","","","","","3","3","3","3","","",""
"12357","","野菜類","ブロッコリー","100g","","","","","","","","","","","","長野","","0.404705941400432","","","","","","","3","3","3","3","","",""
"12358","","野菜類","ブロッコリー","100g","","","","","","","","","","","","熊本","","0.386509449788481","","","","","","","3","3","3","3","","",""
"12359","","野菜類","ブロッコリー","100g","","","","","","","","","","","","その他（平均）","","0.369318631631194","","","","","","","3","3","3","3","","",""
"12360","","野菜類","ほうれんそう","100g","","","","","","","","","","","","北海道","","0.10209502231238","","","","","","","3","3","3","3","","",""
"12361","","野菜類","ほうれんそう","100g","","","","","","","","","","","","青森","","0.230154867011349","","","","","","","3","3","3","3","","",""
"12362","","野菜類","ほうれんそう","100g","","","","","","","","","","","","秋田","","0.353698938510585","","","","","","","3","3","3","3","","",""
"12363","","野菜類","ほうれんそう","100g","","","","","","","","","","","","群馬","","0.0718294767157721","","","","","","","3","3","3","3","","",""
"12364","","野菜類","ほうれんそう","100g","","","","","","","","","","","","神奈川","","0.118881123064604","","","","","","","3","3","3","3","","",""
"12365","","野菜類","ほうれんそう","100g","","","","","","","","","","","","長野","","0.156202105826819","","","","","","","3","3","3","3","","",""
"12366","","野菜類","ほうれんそう","100g","","","","","","","","","","","","岐阜","","0.251529977996479","","","","","","","3","3","3","3","","",""
"12367","","野菜類","ほうれんそう","100g","","","","","","","","","","","","滋賀","","0.179670017990741","","","","","","","3","3","3","3","","",""
"12368","","野菜類","ほうれんそう","100g","","","","","","","","","","","","熊本","","0.249247044145371","","","","","","","3","3","3","3","","",""
"12369","","野菜類","ほうれんそう","100g","","","","","","","","","","","","その他（平均）","","0.190367619286011","","","","","","","3","3","3","3","","",""
"12370","","野菜類","ほうれんそう","100g","","","","","","","","","","","","その他（平均）","","0.190367619286011","","","","","","","3","3","3","3","","",""
"12371","","野菜類","ほうれんそう","100g","","","","","","","","","","","","その他（平均）","","0.190367619286011","","","","","","","3","3","3","3","","",""
"12372","","野菜類","みずな","100g","","","","","","","","","","","","北海道","","0.0566427306732641","","","","","","","3","3","3","3","","",""
"12373","","野菜類","みずな","100g","","","","","","","","","","","","その他（平均）","","0.0566427306732641","","","","","","","3","3","3","3","","",""
"12374","","野菜類","糸みつば","100g","","","","","","","","","","","","北海道","","0.287447765970877","","","","","","","3","3","3","3","","",""
"12375","","野菜類","糸みつば","100g","","","","","","","","","","","","その他（平均）","","0.287447765970877","","","","","","","3","3","3","3","","",""
"12376","","野菜類","切りみつば","100g","","","","","","","","","","","","その他（平均）","","0.287447765970877","","","","","","","3","3","3","3","","",""
"12377","","野菜類","根みつば","100g","","","","","","","","","","","","その他（平均）","","0.287447765970877","","","","","","","3","3","3","3","","",""
"12378","","野菜類","レタス","100g","","","","","","","","","","","","北海道","4月1日～5月31日","0.186852528494132","","","","","","","3","3","3","3","","",""
"12379","","野菜類","レタス","100g","","","","","","","","","","","","千葉","4月1日～5月31日","0.0618248669668525","","","","","","","3","3","3","3","","",""
"12380","","野菜類","レタス","100g","","","","","","","","","","","","神奈川","4月1日～5月31日","0.0876940263011591","","","","","","","3","3","3","3","","",""
"12381","","野菜類","レタス","100g","","","","","","","","","","","","その他（平均）","4月1日～5月31日","0.112123807254048","","","","","","","3","3","3","3","","",""
"12382","","野菜類","レタス","100g","","","","","","","","","","","","北海道","6月1日～10月31日","0.0804325270986486","","","","","","","3","3","3","3","","",""
"12383","","野菜類","レタス","100g","","","","","","","","","","","","長野","6月1日～10月31日","0.111314805595907","","","","","","","3","3","3","3","","",""
"12384","","野菜類","レタス","100g","","","","","","","","","","","","その他（平均）","6月1日～10月31日","0.0958736663472779","","","","","","","3","3","3","3","","",""
"12385","","野菜類","レタス","100g","","","","","","","","","","","","千葉","11月1日～3月31日","0.100941828719768","","","","","","","3","3","3","3","","",""
"12386","","野菜類","レタス","100g","","","","","","","","","","","","神奈川","11月1日～3月31日","0.0989046843016443","","","","","","","3","3","3","3","","",""
"12387","","野菜類","レタス","100g","","","","","","","","","","","","熊本","11月1日～3月31日","0.126075317899283","","","","","","","3","3","3","3","","",""
"12388","","野菜類","レタス","100g","","","","","","","","","","","","鹿児島","11月1日～3月31日","0.322859060519964","","","","","","","3","3","3","3","","",""
"12389","","野菜類","レタス","100g","","","","","","","","","","","","その他（平均）","11月1日～3月31日","0.162195222860165","","","","","","","3","3","3","3","","",""
"12390","","野菜類","えだまめ","100g","","","","","","","","","","","","北海道","","0.15120515141313","","","","","","","3","3","3","3","","",""
"12391","","野菜類","えだまめ","100g","","","","","","","","","","","","青森","","0.220035118012596","","","","","","","3","3","3","3","","",""
"12392","","野菜類","えだまめ","100g","","","","","","","","","","","","秋田","","0.314366600393316","","","","","","","3","3","3","3","","",""
"12393","","野菜類","えだまめ","100g","","","","","","","","","","","","群馬","","0.364355384386341","","","","","","","3","3","3","3","","",""
"12394","","野菜類","えだまめ","100g","","","","","","","","","","","","千葉","","0.149537525077576","","","","","","","3","3","3","3","","",""
"12395","","野菜類","えだまめ","100g","","","","","","","","","","","","神奈川","","0.174258901637289","","","","","","","3","3","3","3","","",""
"12396","","野菜類","えだまめ","100g","","","","","","","","","","","","岐阜","","0.336733967110239","","","","","","","3","3","3","3","","",""
"12397","","野菜類","えだまめ","100g","","","","","","","","","","","","その他（平均）","","0.244356092575784","","","","","","","3","3","3","3","","",""
"12398","","野菜類","西洋かぼちゃ","100g","","","","","","","","","","","","北海道","","0.0924541659184","","","","","","","3","3","3","3","","",""
"12399","","野菜類","西洋かぼちゃ","100g","","","","","","","","","","","","秋田","","0.204412758047028","","","","","","","3","3","3","3","","",""
"12400","","野菜類","西洋かぼちゃ","100g","","","","","","","","","","","","神奈川","","0.221490868301563","","","","","","","3","3","3","3","","",""
"12401","","野菜類","西洋かぼちゃ","100g","","","","","","","","","","","","鹿児島","","0.238968119160771","","","","","","","3","3","3","3","","",""
"12402","","野菜類","西洋かぼちゃ","100g","","","","","","","","","","","","その他（平均）","","0.18933147785694","","","","","","","3","3","3","3","","",""
"12403","","野菜類","日本かぼちゃ","100g","","","","","","","","","","","","その他（平均）","","0.18933147785694","","","","","","","3","3","3","3","","",""
"12404","","野菜類","そうめんかぼちゃ","100g","","","","","","","","","","","","その他（平均）","","0.18933147785694","","","","","","","3","3","3","3","","",""
"12405","","野菜類","きゅうり","100g","","","","","","","","","","","","北海道","7月1日～11月30日","0.296909012892345","","","","","","","3","3","3","3","","",""
"12406","","野菜類","きゅうり","100g","","","","","","","","","","","","秋田","7月1日～11月30日","0.115567963029219","","","","","","","3","3","3","3","","",""
"12407","","野菜類","きゅうり","100g","","","","","","","","","","","","群馬","7月1日～11月30日","0.301905742545348","","","","","","","3","3","3","3","","",""
"12408","","野菜類","きゅうり","100g","","","","","","","","","","","","千葉","7月1日～11月30日","0.428899601360667","","","","","","","3","3","3","3","","",""
"12409","","野菜類","きゅうり","100g","","","","","","","","","","","","神奈川","7月1日～11月30日","0.290920786992351","","","","","","","3","3","3","3","","",""
"12410","","野菜類","きゅうり","100g","","","","","","","","","","","","愛媛","7月1日～11月30日","0.0980331391734458","","","","","","","3","3","3","3","","",""
"12411","","野菜類","きゅうり","100g","","","","","","","","","","","","その他（平均）","7月1日～11月30日","0.255372707665563","","","","","","","3","3","3","3","","",""
"12412","","野菜類","きゅうり","100g","","","","","","","","","","","","秋田","12月1日～6月30日","0.168754985689475","","","","","","","3","3","3","3","","",""
"12413","","野菜類","きゅうり","100g","","","","","","","","","","","","栃木","12月1日～6月30日","1.84241992898701","","","","","","","3","3","3","3","","",""
"12414","","野菜類","きゅうり","100g","","","","","","","","","","","","群馬","12月1日～6月30日","1.11985376896912","","","","","","","3","3","3","3","","",""
"12415","","野菜類","きゅうり","100g","","","","","","","","","","","","千葉","12月1日～6月30日","0.378147511005213","","","","","","","3","3","3","3","","",""
"12416","","野菜類","きゅうり","100g","","","","","","","","","","","","神奈川","12月1日～6月30日","0.527640941938278","","","","","","","3","3","3","3","","",""
"12417","","野菜類","きゅうり","100g","","","","","","","","","","","","愛媛","12月1日～6月30日","0.176260857808321","","","","","","","3","3","3","3","","",""
"12418","","野菜類","きゅうり","100g","","","","","","","","","","","","熊本","12月1日～6月30日","1.5648459745155","","","","","","","3","3","3","3","","",""
"12419","","野菜類","きゅうり","100g","","","","","","","","","","","","その他（平均）","12月1日～6月30日","0.825417709844703","","","","","","","3","3","3","3","","",""
"12420","","野菜類","スイートコーン","100g","","","","","","","","","","","","北海道","","0.179630362109478","","","","","","","3","3","3","3","","",""
"12421","","野菜類","スイートコーン","100g","","","","","","","","","","","","青森","","0.167509748181346","","","","","","","3","3","3","3","","",""
"12422","","野菜類","スイートコーン","100g","","","","","","","","","","","","群馬","","0.251849379053302","","","","","","","3","3","3","3","","",""
"12423","","野菜類","スイートコーン","100g","","","","","","","","","","","","長野","","0.208553405594488","","","","","","","3","3","3","3","","",""
"12424","","野菜類","スイートコーン","100g","","","","","","","","","","","","岐阜","","0.29182552247214","","","","","","","3","3","3","3","","",""
"12425","","野菜類","スイートコーン","100g","","","","","","","","","","","","熊本","","0.414891436446951","","","","","","","3","3","3","3","","",""
"12426","","野菜類","スイートコーン","100g","","","","","","","","","","","","その他（平均）","","0.252376642309617","","","","","","","3","3","3","3","","",""
"12427","","野菜類","そらまめ","100g","","","","","","","","","","","","秋田","","0.386520459371112","","","","","","","3","3","3","3","","",""
"12428","","野菜類","そらまめ","100g","","","","","","","","","","","","千葉","","0.165243436037088","","","","","","","3","3","3","3","","",""
"12429","","野菜類","そらまめ","100g","","","","","","","","","","","","その他（平均）","","0.2758819477041","","","","","","","3","3","3","3","","",""
"12430","","野菜類","トマト","100g","","","","","","","","","","","","北海道","7月1日～11月30日","0.193526478536193","","","","","","","3","3","3","3","","",""
"12431","","野菜類","トマト","100g","","","","","","","","","","","","秋田","7月1日～11月30日","0.0833107840185823","","","","","","","3","3","3","3","","",""
"12432","","野菜類","トマト","100g","","","","","","","","","","","","群馬","7月1日～11月30日","0.067347630438103","","","","","","","3","3","3","3","","",""
"12433","","野菜類","トマト","100g","","","","","","","","","","","","千葉","7月1日～11月30日","0.0478102309659385","","","","","","","3","3","3","3","","",""
"12434","","野菜類","トマト","100g","","","","","","","","","","","","神奈川","7月1日～11月30日","2.42178862552405","","","","","","","3","3","3","3","","",""
"12435","","野菜類","トマト","100g","","","","","","","","","","","","岐阜","7月1日～11月30日","0.0831539048906977","","","","","","","3","3","3","3","","",""
"12436","","野菜類","トマト","100g","","","","","","","","","","","","熊本","7月1日～11月30日","0.101187764187673","","","","","","","3","3","3","3","","",""
"12437","","野菜類","トマト","100g","","","","","","","","","","","","その他（平均）","7月1日～11月30日","0.428303631223034","","","","","","","3","3","3","3","","",""
"12438","","野菜類","トマト","100g","","","","","","","","","","","","北海道","12月1日～6月30日","1.94351692241156","","","","","","","3","3","3","3","","",""
"12439","","野菜類","トマト","100g","","","","","","","","","","","","栃木","12月1日～6月30日","1.32825770218452","","","","","","","3","3","3","3","","",""
"12440","","野菜類","トマト","100g","","","","","","","","","","","","群馬","12月1日～6月30日","1.08660144174394","","","","","","","3","3","3","3","","",""
"12441","","野菜類","トマト","100g","","","","","","","","","","","","千葉","12月1日～6月30日","0.824710189258501","","","","","","","3","3","3","3","","",""
"12442","","野菜類","トマト","100g","","","","","","","","","","","","神奈川","12月1日～6月30日","1.06663835132615","","","","","","","3","3","3","3","","",""
"12443","","野菜類","トマト","100g","","","","","","","","","","","","岐阜","12月1日～6月30日","0.992371354009467","","","","","","","3","3","3","3","","",""
"12444","","野菜類","トマト","100g","","","","","","","","","","","","愛媛","12月1日～6月30日","0.636952716671766","","","","","","","3","3","3","3","","",""
"12445","","野菜類","トマト","100g","","","","","","","","","","","","熊本","12月1日～6月30日","1.08160045253197","","","","","","","3","3","3","3","","",""
"12446","","野菜類","トマト","100g","","","","","","","","","","","","その他（平均）","12月1日～6月30日","1.12008114126723","","","","","","","3","3","3","3","","",""
"12447","","野菜類","なす","100g","","","","","","","","","","","","北海道","7月1日～11月30日","0.276104180883551","","","","","","","3","3","3","3","","",""
"12448","","野菜類","なす","100g","","","","","","","","","","","","秋田","7月1日～11月30日","0.276372289240599","","","","","","","3","3","3","3","","",""
"12449","","野菜類","なす","100g","","","","","","","","","","","","神奈川","7月1日～11月30日","0.112768291792706","","","","","","","3","3","3","3","","",""
"12450","","野菜類","なす","100g","","","","","","","","","","","","愛媛","7月1日～11月30日","0.0950004198092109","","","","","","","3","3","3","3","","",""
"12451","","野菜類","なす","100g","","","","","","","","","","","","熊本","7月1日～11月30日","0.119038183153338","","","","","","","3","3","3","3","","",""
"12452","","野菜類","なす","100g","","","","","","","","","","","","その他（平均）","7月1日～11月30日","0.175856672975881","","","","","","","3","3","3","3","","",""
"12453","","野菜類","なす","100g","","","","","","","","","","","","栃木","12月1日～6月30日","0.152148153664246","","","","","","","3","3","3","3","","",""
"12454","","野菜類","なす","100g","","","","","","","","","","","","熊本","12月1日～6月30日","1.60422157014059","","","","","","","3","3","3","3","","",""
"12455","","野菜類","なす","100g","","","","","","","","","","","","その他（平均）","12月1日～6月30日","0.878184861902417","","","","","","","3","3","3","3","","",""
"12456","","野菜類","ピーマン","100g","","","","","","","","","","","","北海道","6月1日～10月31日","0.152854734017981","","","","","","","3","3","3","3","","",""
"12457","","野菜類","ピーマン","100g","","","","","","","","","","","","秋田","6月1日～10月31日","0.147525735940412","","","","","","","3","3","3","3","","",""
"12458","","野菜類","ピーマン","100g","","","","","","","","","","","","神奈川","6月1日～10月31日","0.227587269569774","","","","","","","3","3","3","3","","",""
"12459","","野菜類","ピーマン","100g","","","","","","","","","","","","長野","6月1日～10月31日","0.0911962483733911","","","","","","","3","3","3","3","","",""
"12460","","野菜類","ピーマン","100g","","","","","","","","","","","","その他（平均）","6月1日～10月31日","0.154790996975389","","","","","","","3","3","3","3","","",""
"12461","","野菜類","ピーマン","100g","","","","","","","","","","","","熊本","11月1日～5月31日","2.0735190812132","","","","","","","3","3","3","3","","",""
"12462","","野菜類","ピーマン","100g","","","","","","","","","","","","その他（平均）","11月1日～5月31日","2.0735190812132","","","","","","","3","3","3","3","","",""
"12463","","野菜類","ミニトマト","100g","","","","","","","","","","","","北海道","7月1日～11月30日","0.319940512196324","","","","","","","3","3","3","3","","",""
"12464","","野菜類","ミニトマト","100g","","","","","","","","","","","","秋田","7月1日～11月30日","0.341529230507048","","","","","","","3","3","3","3","","",""
"12465","","野菜類","ミニトマト","100g","","","","","","","","","","","","熊本","7月1日～11月30日","0.17411240301615","","","","","","","3","3","3","3","","",""
"12466","","野菜類","ミニトマト","100g","","","","","","","","","","","","その他（平均）","7月1日～11月30日","0.278527381906508","","","","","","","3","3","3","3","","",""
"12467","","野菜類","ミニトマト","100g","","","","","","","","","","","","熊本","12月1日～6月30日","1.73047023649947","","","","","","","3","3","3","3","","",""
"12468","","野菜類","ミニトマト","100g","","","","","","","","","","","","その他（平均）","12月1日～6月30日","1.73047023649947","","","","","","","3","3","3","3","","",""
"12469","","果物類","いちご","100g","","","","","","","","","","","","栃木","10月21日～6月30日","2.20401838757969","","","","","","","3","3","3","3","","",""
"12470","","果物類","いちご","100g","","","","","","","","","","","","群馬","11月11日～6月30日","1.92466799244625","","","","","","","3","3","3","3","","",""
"12471","","果物類","いちご","100g","","","","","","","","","","","","千葉","11月21日～6月20日","1.28140339392783","","","","","","","3","3","3","3","","",""
"12472","","果物類","いちご","100g","","","","","","","","","","","","神奈川","12月21日～5月31日","2.44724807467479","","","","","","","3","3","3","3","","",""
"12473","","果物類","いちご","100g","","","","","","","","","","","","岐阜","12月1日～5月31日","1.8913829550829","","","","","","","3","3","3","3","","","加温"
"12474","","果物類","いちご","100g","","","","","","","","","","","","愛媛","10月21日～6月30日","1.79896009669508","","","","","","","3","3","3","3","","","加温"
"12475","","果物類","いちご","100g","","","","","","","","","","","","熊本","11月21日～5月10日","2.51117517956238","","","","","","","3","3","3","3","","","加温"
"12476","","果物類","いちご","100g","","","","","","","","","","","","鹿児島","11月21日～5月31日","1.85085296293021","","","","","","","3","3","3","3","","","加温"
"12477","","果物類","いちご","100g","","","","","","","","","","","","その他（平均）","","1.98871363036239","","","","","","","3","3","3","3","","","加温"
"12478","","果物類","いちご","100g","","","","","","","","","","","","北海道","5月11日～11月30日","0.324903367294368","","","","","","","3","3","3","3","","","無加温"
"12479","","果物類","いちご","100g","","","","","","","","","","","","青森","6月1日～12月20日","0.434404651727322","","","","","","","3","3","3","3","","","無加温"
"12480","","果物類","いちご","100g","","","","","","","","","","","","秋田","6月1日～11月30日","0.593528400946985","","","","","","","3","3","3","3","","","無加温"
"12481","","果物類","いちご","100g","","","","","","","","","","","","長野","6月11日～11月20日","0.191005262154865","","","","","","","3","3","3","3","","","無加温"
"12482","","果物類","いちご","100g","","","","","","","","","","","","その他（平均）","","0.385960420530885","","","","","","","3","3","3","3","","","無加温"
"12483","","果物類","いちじく","100g","","","","","","","","","","","","滋賀","","0.164130587430938","","","","","","","3","3","3","3","","",""
"12484","","果物類","いちじく","100g","","","","","","","","","","","","その他（平均）","","0.164130587430938","","","","","","","3","3","3","3","","",""
"12485","","果物類","うめ","100g","","","","","","","","","","","","","","0.90186574555274","","","","","","","3","3","3","3","","",""
"12486","","果物類","おうとう（さくらんぼ）","100g","","","","","","","","","","","","北海道","","0.691536482536061","","","","","","","3","3","3","3","","",""
"12487","","果物類","おうとう","100g","","","","","","","","","","","","青森","","0.836489749880389","","","","","","","3","3","3","3","","",""
"12488","","果物類","おうとう","100g","","","","","","","","","","","","その他（平均）","","0.764013116208225","","","","","","","3","3","3","3","","",""
"12489","","果物類","甘がき","100g","","","","","","","","","","","","神奈川","","0.201133335190828","","","","","","","3","3","3","3","","",""
"12490","","果物類","甘がき","100g","","","","","","","","","","","","滋賀","","0.179030936851068","","","","","","","3","3","3","3","","",""
"12491","","果物類","甘がき","100g","","","","","","","","","","","","その他（平均）","","0.190082136020948","","","","","","","3","3","3","3","","",""
"12492","","果物類","渋抜きがき","100g","","","","","","","","","","","","その他（平均）","","0.190082136020948","","","","","","","3","3","3","3","","",""
"12493","","果物類","キウイフルーツ","100g","","","","","","","","","","","","神奈川","","0.161457987593949","","","","","","","3","3","3","3","","",""
"12494","","果物類","キウイフルーツ","100g","","","","","","","","","","","","その他（平均）","","0.161457987593949","","","","","","","3","3","3","3","","",""
"12495","","果物類","キウイフルーツ","100g","","","","","","","","","","","","神奈川","","0.161457987593949","","","","","","","3","3","3","3","","",""
"12496","","果物類","キウイフルーツ","100g","","","","","","","","","","","","その他（平均）","","0.161457987593949","","","","","","","3","3","3","3","","",""
"12497","","その他野菜類","くり","100g","","","","","","","","","","","","","","2.85930936551454","","","","","","","3","3","3","3","","",""
"12498","","果物類","すいか","100g","","","","","","","","","","","","北海道","","0.123760437653633","","","","","","","3","3","3","3","","",""
"12499","","果物類","すいか","100g","","","","","","","","","","","","青森","","0.0965185859185386","","","","","","","3","3","3","3","","",""
"12500","","果物類","すいか","100g","","","","","","","","","","","","秋田","","0.0923235987994527","","","","","","","3","3","3","3","","",""
"12501","","果物類","すいか","100g","","","","","","","","","","","","群馬","","0.106299859028087","","","","","","","3","3","3","3","","",""
"12502","","果物類","すいか","100g","","","","","","","","","","","","千葉","","0.0808219291906851","","","","","","","3","3","3","3","","",""
"12503","","果物類","すいか","100g","","","","","","","","","","","","神奈川","","0.0947111147926335","","","","","","","3","3","3","3","","",""
"12504","","果物類","すいか","100g","","","","","","","","","","","","長野","","0.0625042284330207","","","","","","","3","3","3","3","","",""
"12505","","果物類","すいか","100g","","","","","","","","","","","","鹿児島","","0.126541278758717","","","","","","","3","3","3","3","","",""
"12506","","果物類","すいか","100g","","","","","","","","","","","","その他（平均）","","0.0979351290718459","","","","","","","3","3","3","3","","",""
"12507","","果物類","すいか","100g","","","","","","","","","","","","北海道","","0.123760437653633","","","","","","","3","3","3","3","","",""
"12508","","果物類","すいか","100g","","","","","","","","","","","","青森","","0.0965185859185386","","","","","","","3","3","3","3","","",""
"12509","","果物類","すいか","100g","","","","","","","","","","","","秋田","","0.0923235987994527","","","","","","","3","3","3","3","","",""
"12510","","果物類","すいか","100g","","","","","","","","","","","","群馬","","0.106299859028087","","","","","","","3","3","3","3","","",""
"12511","","果物類","すいか","100g","","","","","","","","","","","","千葉","","0.0808219291906851","","","","","","","3","3","3","3","","",""
"12512","","果物類","すいか","100g","","","","","","","","","","","","神奈川","","0.0947111147926335","","","","","","","3","3","3","3","","",""
"12513","","果物類","すいか","100g","","","","","","","","","","","","長野","","0.0625042284330207","","","","","","","3","3","3","3","","",""
"12514","","果物類","すいか","100g","","","","","","","","","","","","鹿児島","","0.126541278758717","","","","","","","3","3","3","3","","",""
"12515","","果物類","すいか","100g","","","","","","","","","","","","その他（平均）","","0.0979351290718459","","","","","","","3","3","3","3","","",""
"12516","","果物類","すもも","100g","","","","","","","","","","","","","","0.810446518390068","","","","","","","3","3","3","3","","",""
"12517","","果物類","西洋なし","100g","","","","","","","","","","","","青森","","0.285055843744782","","","","","","","3","3","3","3","","",""
"12518","","果物類","西洋なし","100g","","","","","","","","","","","","その他（平均）","","0.285055843744782","","","","","","","3","3","3","3","","",""
"12519","","果物類","日本なし","100g","","","","","","","","","","","","青森","","0.205883649836057","","","","","","","3","3","3","3","","",""
"12520","","果物類","日本なし","100g","","","","","","","","","","","","群馬","","0.235759097772177","","","","","","","3","3","3","3","","",""
"12521","","果物類","日本なし","100g","","","","","","","","","","","","栃木","","0.219","","","","","","","3","3","3","3","","",""
"12522","","果物類","日本なし","100g","","","","","","","","","","","","滋賀","","0.272184704210671","","","","","","","3","3","3","3","","",""
"12523","","果物類","日本なし","100g","","","","","","","","","","","","その他（平均）","","0.233206862954726","","","","","","","3","3","3","3","","",""
"12524","","果物類","パインアップル","100g","","","","","","","","","","","","","","0.684551401366462","","","","","","","3","3","3","3","","",""
"12525","","果物類","びわ","100g","","","","","","","","","","","","","","3.94634768557","","","","","","","3","3","3","3","","",""
"12526","","果物類","ぶどう","100g","","","","","","","","","","","","北海道","","0.199135980208963","","","","","","","3","3","3","3","","",""
"12527","","果物類","ぶどう","100g","","","","","","","","","","","","青森","","0.230959600690461","","","","","","","3","3","3","3","","",""
"12528","","果物類","ぶどう","100g","","","","","","","","","","","","神奈川","","0.337913329263585","","","","","","","3","3","3","3","","",""
"12529","","果物類","ぶどう","100g","","","","","","","","","","","","その他（平均）","","0.256002970054336","","","","","","","3","3","3","3","","",""
"12530","","果物類","いよかん","100g","","","","","","","","","","","","","","0.433604770827248","","","","","","","3","3","3","3","","",""
"12531","","果物類","なつみかん","100g","","","","","","","","","","","","","","0.443753207176072","","","","","","","3","3","3","3","","",""
"12532","","果物類","はっさく","100g","","","","","","","","","","","","","","0.401471767978387","","","","","","","3","3","3","3","","",""
"12533","","果物類","ネーブルオレンジ","100g","","","","","","","","","","","","","","0.649607725430169","","","","","","","3","3","3","3","","",""
"12534","","果物類","みかん","100g","","","","","","","","","","","","鹿児島","7月1日～7月31日","8.1869053995956","","","","","","","3","3","3","3","","","加温"
"12535","","果物類","みかん","100g","","","","","","","","","","","","その他（平均）","","8.1869053995956","","","","","","","3","3","3","3","","","加温"
"12536","","果物類","みかん","100g","","","","","","","","","","","","愛媛","11月21日～12月10日","0.138608720305987","","","","","","","3","3","3","3","","","無加温"
"12537","","果物類","みかん","100g","","","","","","","","","","","","鹿児島","9月11日～10月20日","0.188151109664814","","","","","","","3","3","3","3","","","無加温"
"12538","","果物類","みかん","100g","","","","","","","","","","","","その他（平均）","","0.1633799149854","","","","","","","3","3","3","3","","","無加温"
"12539","","果物類","マスクメロン","100g","","","","","","","","","","","","北海道","6月21日～8月20日","1.82986633599033","","","","","","","3","3","3","3","","","加温"
"12540","","果物類","マスクメロン","100g","","","","","","","","","","","","秋田","9月21日～10月10日","0.552026990275839","","","","","","","3","3","3","3","","","加温"
"12541","","果物類","マスクメロン","100g","","","","","","","","","","","","その他（平均）","","1.19094666313308","","","","","","","3","3","3","3","","","加温"
"12542","","果物類","メロン(緑肉種)","100g","","","","","","","","","","","","北海道","10月1日～10月10日","0.109115746669392","","","","","","","3","3","3","3","","","無加温"
"12543","","果物類","メロン(緑肉種)","100g","","","","","","","","","","","","青森","7月1日～9月20日","0.157754993684227","","","","","","","3","3","3","3","","","無加温"
"12544","","果物類","メロン(緑肉種)","100g","","","","","","","","","","","","秋田","7月21日～9月10日","0.233257966985694","","","","","","","3","3","3","3","","","無加温"
"12545","","果物類","メロン(緑肉種)","100g","","","","","","","","","","","","千葉","6月11日～7月20日","0.116852963998575","","","","","","","3","3","3","3","","","無加温"
"12546","","果物類","メロン(緑肉種)","100g","","","","","","","","","","","","鹿児島","4月21日～5月31日、12月11日～12月31日","0.158714442833381","","","","","","","3","3","3","3","","","無加温"
"12547","","果物類","メロン(緑肉種)","100g","","","","","","","","","","","","その他（平均）","","0.155139222834254","","","","","","","3","3","3","3","","","無加温"
"12548","","果物類","メロン(赤肉種)","100g","","","","","","","","","","","","北海道","10月1日～10月10日","0.109115746669392","","","","","","","3","3","3","3","","","無加温"
"12549","","果物類","メロン(赤肉種)","100g","","","","","","","","","","","","青森","7月1日～9月20日","0.157754993684227","","","","","","","3","3","3","3","","","無加温"
"12550","","果物類","メロン(赤肉種)","100g","","","","","","","","","","","","秋田","7月21日～9月10日","0.233257966985694","","","","","","","3","3","3","3","","","無加温"
"12551","","果物類","メロン(赤肉種)","100g","","","","","","","","","","","","千葉","6月11日～7月20日","0.116852963998575","","","","","","","3","3","3","3","","","無加温"
"12552","","果物類","メロン(赤肉種)","100g","","","","","","","","","","","","鹿児島","4月21日～5月31日、12月11日～12月31日","0.158714442833381","","","","","","","3","3","3","3","","","無加温"
"12553","","果物類","メロン(赤肉種)","100g","","","","","","","","","","","","その他（平均）","","0.155139222834254","","","","","","","3","3","3","3","","","無加温"
"12554","","果物類","もも","100g","","","","","","","","","","","","青森","","0.271338405087146","","","","","","","3","3","3","3","","",""
"12555","","果物類","もも","100g","","","","","","","","","","","","滋賀","","0.316025472177751","","","","","","","3","3","3","3","","",""
"12556","","果物類","もも","100g","","","","","","","","","","","","その他（平均）","","0.293681938632449","","","","","","","3","3","3","3","","",""
"12557","","果物類","りんご","100g","","","","","","","","","","","","北海道","","0.130385090347137","","","","","","","3","3","3","3","","",""
"12558","","果物類","りんご","100g","","","","","","","","","","","","青森","","0.129006727324119","","","","","","","3","3","3","3","","",""
"12559","","果物類","りんご","100g","","","","","","","","","","","","秋田","","0.205687316304754","","","","","","","3","3","3","3","","",""
"12560","","果物類","りんご","100g","","","","","","","","","","","","その他（平均）","","0.155026377992003","","","","","","","3","3","3","3","","",""
"14561","","揚げ物","エビカツ","100g","","","","","","","","","","","","","","","","","","","","","3","3","3","3","","",""
